Index, Value, PeakType, Avg.Filter, Std.Filter
   1,   0.1279, 0,   0.0000,   0.0000
   2,   3.7382, 0,   0.0000,   0.0000
   3,  21.4615, 0,   0.0000,   0.0000
   4,   1.5596, 0,   0.0000,   0.0000
   5,   0.4044, 0,   0.0000,   0.0000
   6,   0.5179, 0,   0.0000,   0.0000
   7,   1.1690, 0,   0.0000,   0.0000
   8,   0.2049, 0,   0.0000,   0.0000
   9,   0.2604, 0,   0.0000,   0.0000
  10, 154.6146, 0,   0.0000,   0.0000
  11,   0.2789, 0,  16.7579,  43.9995
  12,   0.2958, 0,  16.7732,  43.9938
  13,  16.3918, 0,  17.9235,  43.8029
  14,  15.7067, 0,  17.4004,  43.7919
  15,   5.0582, 0,  17.7184,  43.6883
  16,   3.3634, 0,  17.9874,  43.5899
  17,   0.0183, 0,  17.9420,  43.6083
  18,   1.2991, 0,  17.9538,  43.6038
  19,   0.4097, 0,  17.9724,  43.5962
  20,   5.1123, 0,  18.4135,  43.4391
  21,   0.5998, 0,   4.4122,   5.7735
  22,   0.9521, 0,   4.4734,   5.7328
  23,   5.8451, 0,   4.9779,   5.5852
  24,   0.0516, 0,   3.4924,   4.3990
  25,   0.1680, 0,   2.0798,   2.1903
  26,   0.5288, 0,   1.6680,   2.0100
  27,  15.9194, 0,   2.8095,   4.5760
  28,   0.4660, 0,   2.8502,   4.5529
  29,   0.9212, 0,   2.8158,   4.5659
  30,   1.2741, 0,   2.8944,   4.5311
  31,  12.1668, 0,   3.5357,   5.2430
  32,   5.6172, 0,   3.9919,   5.1857
  33,   4.5320, 0,   4.3173,   5.0962
  34,   0.9472, 0,   3.8720,   5.1569
  35,   3.5351, 0,   4.1887,   5.0177
  36,  11.2898, 0,   5.1998,   5.2220
  37,   1.4617, 0,   5.2846,   5.1525
  38,   6.7074, 0,   4.4471,   3.9686
  39,   7.1450, 0,   5.0543,   3.8212
  40,   2.1747, 0,   5.1683,   3.7134
  41,  13.1277, 0,   6.2459,   4.1242
  42,  38.3476, 0,   8.6259,  10.0916
  43,   0.2023, 0,   8.1337,  10.3550
  44,   1.4258, 0,   7.8513,  10.4908
  45,  15.8105, 0,   9.2025,  10.4718
  46,  30.0916, 0,  11.6167,  11.8565
  47,   4.7504, 0,  11.0222,  12.0208
  48,   0.3961, 0,  10.9254,  12.1015
  49,   5.9026, 0,  10.8522,  12.1292
  50,   1.5678, 0,  10.3452,  12.3874
  51,  21.3368, 0,  12.0872,  12.4630
  52,   2.8297, 0,  11.1510,  12.7336
  53,   0.6409, 0,   7.7231,   9.6537
  54,  23.8389, 0,   9.8719,  10.3463
  55, 619.4042, 1,  11.9095,  10.6837
  56,   1.0408, 0,  10.5668,  11.0315
  57,   2.5737, 0,   8.0651,   9.3053
  58,   0.4712, 0,   7.6761,   9.5227
  59,   0.9709, 0,   7.7284,   9.4841
  60,  16.3653, 0,   8.6795,   9.7735
  61,   0.1905, 0,   8.5543,   9.8721
  62,  70.8564, 0,  13.0561,  20.3766
  63,   0.1142, 0,  12.8092,  20.5150
  64,   0.0682, 0,  12.7572,  20.5465
  65,   0.7603, 0,  10.6591,  20.4860
  66,   0.4896, 0,   8.5365,  20.2184
  67,   1.2377, 0,   8.5544,  20.2118
  68,   0.3062, 0,   8.3482,  20.2832
  69,   5.7371, 0,   8.8269,  20.1534
  70,  30.6751, 0,  11.5273,  20.8962
  71,   0.0588, 0,  10.0449,  21.0780
  72,   0.2555, 0,  10.0508,  21.0752
  73,  20.6294, 0,   5.4847,   9.8677
  74,   7.6352, 0,   6.1685,   9.7315
  75,   1.9790, 0,   6.3422,   9.6376
  76,   0.6818, 0,   6.3350,   9.6418
  77,   5.1903, 0,   6.7624,   9.4760
  78,   1.1179, 0,   6.7515,   9.4824
  79,   5.7181, 0,   7.2435,   9.2733
  80,   0.0677, 0,   6.7281,   9.4975
  81,   1.2548, 0,   4.0535,   5.8000
  82, 536.7103, 1,   4.1622,   5.7350
  83,   0.5220, 0,   4.1865,   5.7190
  84,  11.8134, 0,   3.3850,   3.5739
  85,   1.6993, 0,   2.8454,   3.3314
  86,   0.4838, 0,   2.7095,   3.3939
  87,   0.4799, 0,   2.6911,   3.4053
  88,   0.3302, 0,   2.2493,   3.3675
  89,   1.0123, 0,   2.2397,   3.3708
  90,   4.2312, 0,   2.1045,   3.2565
  91,   1.8610, 0,   2.2675,   3.1948
  92,   3.6153, 0,   2.4821,   3.1988
  93,   0.0355, 0,   2.3713,   3.2600
  94,   0.0636, 0,   2.3296,   3.2862
  95,   3.2397, 0,   1.5502,   1.4457
  96,   5.4076, 0,   1.8873,   1.8240
  97,   0.0752, 0,   1.8501,   1.8561
  98,   1.2549, 0,   1.9206,   1.8171
  99,   0.8203, 0,   1.9652,   1.7832
 100,   0.3578, 0,   1.9057,   1.8245
 101,   0.0415, 0,   1.5248,   1.7343
 102,  31.1800, 1,   1.3594,   1.7805
 103,   0.0880, 0,   1.0387,   1.6588
 104,  24.2790, 1,   1.0435,   1.6560
 105,   0.6931, 0,   1.1007,   1.6319
 106,   1.2689, 0,   0.9215,   1.4891
 107,  13.5447, 0,   1.6613,   3.7851
 108,   0.0055, 0,   1.6549,   3.7878
 109, 117.3633, 1,   1.5413,   3.8167
 110,   0.1074, 0,   1.4765,   3.8344
 111,   0.0158, 0,   1.4454,   3.8447
 112,  37.9460, 0,   4.8913,  11.1286
 113,   3.4427, 0,   5.2005,  11.0364
 114,   0.7603, 0,   5.2616,  11.0098
 115,  12.4679, 0,   6.3871,  11.0560
 116,   6.2654, 0,   6.8936,  10.9102
 117,   0.3591, 0,   6.8109,  10.9559
 118,  28.0723, 0,   8.1316,  12.4604
 119,   7.0656, 0,   8.7735,  12.2045
 120,  77.3436, 0,  15.8042,  22.8029
 121,  24.0681, 0,  17.9824,  22.3391
 122,   9.8006, 0,  18.8720,  21.7941
 123,   7.0846, 0,  16.0664,  21.1346
 124,   0.6173, 0,  15.8095,  21.3029
 125,   6.0908, 0,  16.2941,  21.0137
 126,   0.7837, 0,  15.2319,  21.4706
 127,   0.7512, 0,  14.7306,  21.7369
 128,   0.6499, 0,  14.7571,  21.7195
 129,   0.3072, 0,  12.2330,  21.6386
 130,   0.2141, 0,  11.6101,  21.8757
 131,   3.0926, 0,   4.8600,   6.8389
 132,  38.9979, 0,   6.2173,  10.8321
 133,   3.7982, 0,   5.6716,  10.7889
 134,  14.7799, 0,   6.3712,  11.1028
 135,  42.6707, 0,  10.1942,  15.0144
 136,   0.0288, 0,   9.6431,  15.2641
 137,   2.6042, 0,   9.8086,  15.1768
 138,   0.1828, 0,   9.7569,  15.2084
 139,  20.9331, 0,  11.6009,  15.2221
 140,   0.3652, 0,  11.6061,  15.2182
 141,   2.1767, 0,  11.7846,  15.0946
 142,   0.1732, 0,  11.5191,  15.2697
 143,   0.4917, 0,   8.0186,  12.7797
 144,   0.7698, 0,   7.7433,  12.8997
 145,   0.4353, 0,   6.4392,  12.8474
 146,   0.6266, 0,   2.6170,   5.8464
 147,  18.9254, 0,   4.3349,   7.4026
 148,   6.5933, 0,   4.6975,   7.4067
 149,   0.4039, 0,   4.7176,   7.3947
 150,  15.3003, 0,   4.2056,   6.3794
 151,  36.1024, 0,   7.4544,  11.0133
 152,   0.1328, 0,   7.2686,  11.1175
 153,  31.4801, 0,  10.1147,  12.8145
 154,   1.1777, 0,  10.1770,  12.7692
 155,   1.7376, 0,  10.2650,  12.7072
 156,   0.2088, 0,  10.2444,  12.7233
 157,   7.3457, 0,  10.8553,  12.4042
 158,   0.5217, 0,   9.1822,  12.4439
 159,   4.0028, 0,   8.9467,  12.5150
 160,   0.1216, 0,   8.9210,  12.5328
 161,  20.9840, 0,   9.4377,  12.8970
 162,   8.4920, 0,   6.9277,   9.7712
 163,   0.8189, 0,   6.9901,   9.7298
 164,  13.1783, 0,   5.3263,   6.3920
 165,  11.3776, 0,   6.2536,   6.4624
 166,  21.0263, 0,   8.0071,   7.5281
 167,   0.7302, 0,   8.0545,   7.4804
 168,   0.3077, 0,   7.4146,   7.8075
 169,   0.0080, 0,   7.3679,   7.8500
 170,   0.5328, 0,   7.0525,   8.0462
 171,   0.1885, 0,   7.0586,   8.0409
 172,  39.5785, 0,   8.7490,  11.8453
 173,   0.0240, 0,   7.9792,  12.1092
 174,   0.1344, 0,   7.9169,  12.1475
 175,   1.0067, 0,   6.8104,  12.1722
 176,   4.9799, 0,   6.2288,  12.0927
 177,   7.0953, 0,   4.9624,  11.1710
 178,   5.4957, 0,   5.3956,  11.0906
 179,   1.7381, 0,   5.5256,  11.0384
 180,   0.1765, 0,   5.5410,  11.0309
 181,   0.0812, 0,   5.4999,  11.0503
 182,   0.3690, 0,   5.5163,  11.0425
 183,   1.6587, 0,   2.0691,   2.4352
 184,  47.2724, 1,   2.2177,   2.3544
 185,   9.2492, 0,   3.0463,   2.9928
 186,  16.5967, 0,   4.4636,   4.8231
 187,   3.9197, 0,   4.3672,   4.8224
 188,   0.9482, 0,   3.8083,   4.8301
 189,   2.0993, 0,   3.4996,   4.8209
 190,   0.0930, 0,   3.3500,   4.8981
 191,   0.3811, 0,   3.3686,   4.8864
 192,   0.1941, 0,   3.3789,   4.8796
 193,   0.3043, 0,   3.3730,   4.8833
 194,   0.3764, 0,   3.2564,   4.9378
 195,   1.7784, 0,   3.2673,   4.9344
 196,  14.8728, 0,   3.7785,   5.7513
 197,   3.5242, 0,   2.5901,   4.0908
 198,   0.3613, 0,   2.2666,   4.1135
 199,   0.3144, 0,   2.2090,   4.1359
 200,   2.0233, 0,   2.2021,   4.1362
 201,  46.4618, 1,   2.3776,   4.0836
 202,  21.4926, 0,   4.2968,   6.7710
 203,   4.4165, 0,   4.6807,   6.6461
 204,   0.2093, 0,   4.6721,   6.6518
 205,   1.1372, 0,   4.7412,   6.6106
 206,   0.8660, 0,   4.6583,   6.6529
 207,   6.6063, 0,   3.9068,   5.8784
 208,   7.5771, 0,   4.2752,   5.9692
 209,   0.7452, 0,   4.3101,   5.9473
 210,  13.7857, 0,   5.5348,   6.3704
 211,   1.7627, 0,   5.5111,   6.3838
 212,   0.3358, 0,   5.3577,   6.4853
 213,  21.0191, 0,   5.3146,   6.3788
 214,   3.1895, 0,   5.2031,   6.4042
 215,   0.0332, 0,   5.1871,   6.4168
 216,   5.4299, 0,   5.5773,   6.2879
 217,   3.1352, 0,   5.7836,   6.1660
 218,   0.4217, 0,   5.2214,   6.3447
 219,   3.6866, 0,   4.8677,   6.3119
 220,   0.0063, 0,   4.8005,   6.3592
 221,   3.6409, 0,   3.8783,   5.6896
 222,  27.3952, 0,   6.2085,   8.7642
 223,  11.2793, 0,   7.2034,   8.6616
 224,   3.9499, 0,   5.6516,   7.4984
 225,  36.2034, 0,   8.6529,  11.4683
 226,   0.0075, 0,   8.6505,  11.4701
 227,   0.3383, 0,   8.1877,  11.6913
 228,   0.4298, 0,   7.9417,  11.8227
 229,   1.1282, 0,   8.0059,  11.7836
 230,  16.9602, 0,   9.2126,  11.9578
 231,   6.2871, 0,   9.7836,  11.6506
 232,   5.0336, 0,   9.9102,  11.5906
 233,   6.6410, 0,   8.0235,  10.1961
 234,   1.4692, 0,   7.1317,  10.3008
 235,   1.8207, 0,   6.9381,  10.3785
 236,   2.0043, 0,   3.8291,   4.7328
 237,   1.6654, 0,   3.9798,   4.6341
 238,   0.0941, 0,   3.9576,   4.6520
 239,   0.2169, 0,   3.9383,   4.6671
 240,   2.0492, 0,   4.0220,   4.6240
 241,   0.3149, 0,   2.5088,   2.2634
 242,   0.7901, 0,   2.0090,   1.9606
 243,   0.6501, 0,   1.6105,   1.7382
 244,   3.9737, 0,   1.3681,   1.0816
 245,   0.8569, 0,   1.3124,   1.0907
 246,   9.8885, 0,   2.0458,   2.7045
 247,   0.0183, 0,   1.8653,   2.7668
 248,   0.5285, 0,   1.7619,   2.7935
 249, 285.8957, 1,   1.8014,   2.7726
 250,  10.3299, 0,   2.7208,   3.6368
 251, 108.6936, 1,   3.4736,   4.2287
 252,   5.0114, 0,   3.9005,   4.1240
 253,   0.5796, 0,   3.8814,   4.1389
 254,   0.0772, 0,   3.8293,   4.1826
 255,   0.3325, 0,   3.4983,   4.3005
 256,   1.3121, 0,   3.5397,   4.2770
 257,   3.9086, 0,   2.9960,   3.7875
 258,   1.4109, 0,   3.1226,   3.7083
 259,   0.4181, 0,   3.1126,   3.7155
 260,   1.9134, 0,   3.2385,   3.6486
 261,  11.3708, 0,   3.3331,   3.8398
 262,   2.9241, 0,   2.6599,   3.1394
 263,   5.5862, 0,   2.7122,   3.1826
 264,   1.6067, 0,   2.8055,   3.1333
 265,  11.8443, 0,   3.8753,   3.9273
 266,   5.4729, 0,   4.3426,   3.7811
 267,   0.2066, 0,   4.2421,   3.8738
 268,   0.0256, 0,   3.8891,   4.0606
 269,   0.2569, 0,   3.7842,   4.1374
 270,   0.5323, 0,   3.7945,   4.1291
 271,   0.0496, 0,   3.6251,   4.2396
 272,  90.8607, 1,   2.5959,   3.5529
 273,   0.4221, 0,   2.3684,   3.6043
 274,   2.1082, 0,   2.0523,   3.4577
 275,   0.1307, 0,   1.9181,   3.5008
 276,   0.5577, 0,   0.8920,   1.5535
 277,   0.2405, 0,   0.4163,   0.5640
 278,  23.0310, 1,   0.4194,   0.5630
 279,   2.0649, 0,   0.6048,   0.7174
 280,   7.7596, 0,   1.2869,   2.1661
 281,   0.5065, 0,   1.2845,   2.1670
 282,  10.2544, 0,   2.2122,   3.3183
 283,  22.7211, 0,   4.2733,   6.6765
 284,   0.2735, 0,   4.2598,   6.6844
 285,  10.1745, 0,   4.9931,   6.8486
 286,   1.0149, 0,   5.0735,   6.7960
 287,   0.6771, 0,   5.0843,   6.7889
 288,   1.6909, 0,   5.2162,   6.7071
 289,   3.2058, 0,   5.4858,   6.5597
 290,   5.2044, 0,   5.7712,   6.4724
 291,  45.4567, 0,   9.1982,  13.1516
 292,   1.8487, 0,   9.3202,  13.0764
 293,   0.7553, 0,   8.4566,  13.2980
 294,   9.0254, 0,   7.2116,  12.5227
 295,   2.5677, 0,   7.4201,  12.4241
 296,   0.3476, 0,   6.5268,  12.5466
 297,   0.8493, 0,   6.5117,  12.5533
 298,   7.8284, 0,   7.1618,  12.4188
 299,   0.2073, 0,   7.0270,  12.4853
 300,   1.1730, 0,   6.8422,  12.5554
 301,  13.2840, 0,   7.5767,  12.6739
 302,   0.9520, 0,   3.5308,   4.2193
 303,   5.8250, 0,   3.8923,   4.2300
 304,   0.4714, 0,   3.8664,   4.2499
 305,   0.1812, 0,   3.0624,   4.0286
 306,   0.0691, 0,   2.8353,   4.1195
 307,   3.5795, 0,   3.1291,   4.0462
 308,  15.4757, 0,   4.4588,   5.2905
 309,   0.2868, 0,   3.7732,   5.2981
 310,   9.0956, 0,   4.5812,   5.3699
 311,   1.5698, 0,   4.6173,   5.3482
 312,   1.3218, 0,   3.5298,   4.6454
 313,   9.8424, 0,   4.3380,   4.8934
 314,  28.6890, 0,   6.4166,   8.5633
 315,   1.2296, 0,   6.4855,   8.5181
 316,  10.0434, 0,   7.3821,   8.3242
 317,   5.7552, 0,   7.8990,   8.0252
 318,   1.7147, 0,   7.7295,   8.1336
 319,   0.5005, 0,   6.3681,   7.9748
 320,   4.4597, 0,   6.7474,   7.7732
 321,   2.5252, 0,   6.1501,   7.8221
 322,  17.5062, 0,   7.5989,   8.3008
 323,   0.6801, 0,   7.5406,   8.3468
 324,   0.0785, 0,   6.6529,   8.5710
 325,   1.4008, 0,   4.1722,   5.0666
 326, 365.5301, 1,   4.1877,   5.0578
 327,   0.9076, 0,   3.3572,   4.7700
 328,  46.6057, 0,   7.0709,  13.3596
 329,   0.2706, 0,   6.9396,  13.4185
 330,   0.1346, 0,   6.9063,  13.4349
 331,  91.1759, 0,  14.7896,  27.6294
 332,   0.3808, 0,  14.5947,  27.7227
 333,   0.5783, 0,  13.0558,  27.9869
 334,   1.0437, 0,  13.0889,  27.9725
 335,  27.9344, 0,  15.6212,  27.9409
 336,  17.9754, 0,  17.1280,  27.5780
 337,   1.2621, 0,  17.1154,  27.5852
 338,   5.2087, 0,  17.5064,  27.3824
 339,   0.1010, 0,  13.2787,  26.1244
 340,   0.4644, 0,  13.2963,  26.1157
 341,   1.2737, 0,  13.3999,  26.0655
 342,   0.0238, 0,   5.1133,   8.7801
 343,   0.4251, 0,   5.1173,   8.7779
 344,   0.7511, 0,   5.1330,   8.7699
 345,   0.3568, 0,   5.0706,   8.8012
 346,   3.9796, 0,   2.8929,   5.0303
 347,   0.5580, 0,   1.3095,   1.6161
 348,   3.0460, 0,   1.4717,   1.6910
 349,   8.8171, 0,   1.7997,   2.5273
 350,   0.8874, 0,   1.8712,   2.4891
 351,   0.0115, 0,   1.8300,   2.5156
 352,   0.0315, 0,   1.7171,   2.5655
 353,   0.6376, 0,   1.7729,   2.5345
 354,   0.8100, 0,   1.8079,   2.5183
 355,   0.1663, 0,   1.7547,   2.5460
 356,   2.0307, 0,   1.9069,   2.5077
 357,  15.5234, 0,   2.9563,   4.6532
 358,   1.5158, 0,   3.0434,   4.6163
 359,  17.4058, 0,   4.3488,   6.1934
 360, 365.5301, 1,   5.1296,   7.1717
 361,   0.7417, 0,   5.1164,   7.1796
 362,   1.4134, 0,   5.2438,   7.0999
 363,   4.1282, 0,   5.6163,   6.9219
 364,  91.7577, 1,   5.9336,   6.7646
 365,   3.7105, 0,   6.1973,   6.6146
 366,   0.2758, 0,   6.2072,   6.6056
 367,   5.3052, 0,   6.5049,   6.4833
 368,   0.1481, 0,   5.1072,   6.0299
 369,   0.4701, 0,   5.0121,   6.0937
 370,   6.1280, 0,   3.9868,   4.7149
 371,   3.9979, 0,   2.7679,   2.0916
 372,  32.4957, 1,   3.0639,   2.0129
 373,  36.5376, 1,   3.2989,   1.9565
 374,   0.3524, 0,   2.9556,   2.1064
 375,   0.2739, 0,   2.6052,   2.2007
 376,   0.2249, 0,   2.2884,   2.2686
 377,   0.1778, 0,   2.2795,   2.2767
 378,   0.2306, 0,   1.8181,   2.1260
 379,   9.7241, 0,   2.6887,   3.0316
 380,   4.5941, 0,   3.0636,   2.9888
 381,   0.7782, 0,   2.5772,   2.8840
 382,   1.7232, 0,   2.3704,   2.8561
 383,   2.9646, 0,   2.2765,   2.8178
 384,   0.6725, 0,   1.9742,   2.7952
 385,   3.4678, 0,   2.2574,   2.7742
 386,   0.4458, 0,   2.2731,   2.7635
 387,   5.9156, 0,   2.7904,   2.8625
 388,   0.6990, 0,   2.8378,   2.8229
 389,   1.9342, 0,   2.9926,   2.7205
 390,   1.0282, 0,   2.2021,   1.7343
 391,   0.5102, 0,   1.8308,   1.6155
 392,   0.8064, 0,   1.8334,   1.6139
 393,   0.8968, 0,   1.7583,   1.6364
 394,   1.4947, 0,   1.6246,   1.5918
 395,   1.9088, 0,   1.7370,   1.5640
 396,   8.8871, 0,   2.2297,   2.5649
 397,   0.4363, 0,   2.2288,   2.5655
 398,   0.1085, 0,   1.7009,   2.3401
 399,   0.1880, 0,   1.6545,   2.3645
 400,   6.5907, 0,   2.0778,   2.7604
 401,   1.1499, 0,   2.0889,   2.7564
 402,   0.0177, 0,   2.0441,   2.7855
 403,   0.8136, 0,   2.0447,   2.7852
 404,   5.7225, 0,   2.4834,   2.9453
 405,   0.9559, 0,   2.4345,   2.9657
 406,   0.7722, 0,   2.3311,   3.0018
 407,  19.5125, 0,   3.2971,   5.5684
 408,   6.2564, 0,   3.8262,   5.5479
 409,1223.4095, 1,   4.3851,   5.4541
 410,   0.3793, 0,   4.4025,   5.4410
 411,  26.0604, 0,   6.1724,   8.2873
 412,   0.4950, 0,   6.1129,   8.3254
 413,   3.6850, 0,   6.4463,   8.1461
 414,   6.1247, 0,   6.9291,   7.9531
 415,   0.7130, 0,   6.4737,   8.1501
 416,   0.5831, 0,   6.4398,   8.1737
 417,   5.8607, 0,   6.9024,   7.9816
 418,   0.4492, 0,   5.1694,   7.0734
 419,  26.7550, 0,   7.0329,   9.4239
 420,   1.1913, 0,   6.5724,   9.5732
 421,   6.5376, 0,   7.1323,   9.3726
 422,   6.9453, 0,   5.3945,   7.2290
 423,   0.9798, 0,   5.4386,   7.2005
 424,   1.7567, 0,   5.2633,   7.2642
 425,  11.5160, 0,   5.7534,   7.4843
 426,   3.2646, 0,   5.9854,   7.3631
 427,   5.9131, 0,   6.4699,   7.1643
 428,   1.9553, 0,   6.1149,   7.2815
 429,   0.1795, 0,   6.0904,   7.3010
 430,   0.1321, 0,   3.6701,   3.4429
 431,   8.6615, 0,   4.3492,   3.6192
 432,   1.2175, 0,   3.8656,   3.6498
 433,   0.7428, 0,   3.3017,   3.6093
 434,   0.2562, 0,   3.2359,   3.6573
 435,   6.0348, 0,   3.6249,   3.7065
 436,   0.2960, 0,   2.6049,   2.8362
 437,   0.0439, 0,   2.3121,   2.9181
 438,   1.8877, 0,   1.9461,   2.6867
 439,   2.1208, 0,   1.9612,   2.6872
 440,   2.4096, 0,   2.1639,   2.6286
 441,   0.2505, 0,   2.1747,   2.6205
 442,   3.7050, 0,   1.7241,   1.7469
 443,   1.7207, 0,   1.7698,   1.7396
 444,  45.2077, 1,   1.8587,   1.7096
 445,   0.3171, 0,   1.8643,   1.7045
 446,   2.9767, 0,   1.5862,   1.1659
 447,   0.4116, 0,   1.5968,   1.1547
 448,   0.4549, 0,   1.6341,   1.1096
 449,   4.5681, 0,   1.8778,   1.3959
 450,   0.1199, 0,   1.6959,   1.4802
 451,   2.5399, 0,   1.7077,   1.4864
 452,  24.8597, 1,   1.9159,   1.4268
 453,  10.2158, 0,   2.5077,   2.7672
 454,  34.0526, 1,   3.2800,   3.5222
 455,  10.5483, 0,   4.0825,   4.0427
 456,   0.3151, 0,   4.0824,   4.0428
 457,   1.2040, 0,   3.9212,   4.1183
 458,   8.8638, 0,   4.6896,   4.1799
 459,  32.2609, 0,   7.5810,   8.7514
 460,   0.5124, 0,   7.2123,   8.9537
 461,   1.7680, 0,   7.3622,   8.8469
 462,   0.2868, 0,   7.1573,   8.9813
 463,   8.1069, 0,   7.6634,   8.8629
 464,   0.8893, 0,   6.8156,   9.0228
 465,   1.1807, 0,   5.9942,   9.0869
 466,   3.6354, 0,   5.3658,   8.9887
 467,   0.0677, 0,   5.3433,   9.0016
 468,   2.5092, 0,   5.4619,   8.9548
 469,   0.7084, 0,   4.7205,   8.9800
 470,   0.2721, 0,   1.8125,   2.2429
 471,   0.0844, 0,   1.7735,   2.2687
 472,   1.4744, 0,   1.7469,   2.2703
 473,  25.5309, 1,   1.8548,   2.2261
 474,   2.8392, 0,   1.3759,   1.1228
 475,   1.3746, 0,   1.4201,   1.1123
 476,  12.0692, 0,   2.4099,   3.2499
 477, 406.1038, 1,   3.1766,   4.2801
 478,  15.8137, 0,   4.6081,   5.4690
 479,  38.4925, 0,   7.8793,  11.0989
 480,   0.1276, 0,   7.8265,  11.1342
 481,  40.0938, 0,  11.4466,  14.1538
 482,  60.0461, 0,  16.8977,  19.3287
 483,  36.4091, 0,  20.0736,  19.4035
 484,  21.1639, 0,  21.8635,  18.4919
 485,   1.2245, 0,  21.7168,  18.6481
 486,   0.1660, 0,  21.6069,  18.7708
 487,   5.4972, 0,  21.0094,  19.1653
 488,   1.9286, 0,  20.0876,  19.8063
 489,   0.0144, 0,  18.6513,  20.6203
 490,   3.9850, 0,  15.5142,  19.9781
 491,   0.5444, 0,  15.5521,  19.9492
 492,   1.5590, 0,  12.0489,  18.6747
 493,   0.1245, 0,   6.6015,  11.0710
 494,   0.2147, 0,   3.3111,   5.8887
 495,   0.6362, 0,   1.4450,   1.6942
 496,   0.8500, 0,   1.4109,   1.7020
 497,   4.4082, 0,   1.7966,   1.8504
 498,   1.3742, 0,   1.4217,   1.4334
 499,   0.0882, 0,   1.2544,   1.4714
 500,   7.6760, 0,   1.9509,   2.2997
 501,   1.6430, 0,   1.7380,   2.2082
 502,   7.4669, 0,   2.3673,   2.7081
 503,  18.3955, 0,   3.8979,   5.3185
 504,   1.1518, 0,   3.9913,   5.2601
 505,   0.1561, 0,   3.9860,   5.2640
 506,   2.5777, 0,   4.1625,   5.1806
 507,   2.4645, 0,   4.3093,   5.1070
 508,  64.8426, 1,   4.1326,   5.1341
 509,   9.8809, 0,   4.9059,   5.2984
 510,  48.9474, 0,   9.3477,  13.5117
 511,  29.7793, 0,  11.3571,  14.7046
 512,   5.2669, 0,  11.6865,  14.5227
 513,   6.7709, 0,  11.6232,  14.5425
 514,   9.2230, 0,  10.7894,  14.3924
 515,  15.2436, 0,  12.0705,  14.1018
 516,   0.5356, 0,  12.1050,  14.0731
 517,   4.0798, 0,  12.2415,  13.9870
 518,   0.0905, 0,  12.0257,  14.1535
 519,   2.7517, 0,  12.0518,  14.1361
 520,   9.8864, 0,  12.0523,  14.1360
 521,   1.2031, 0,   7.7119,   8.2425
 522,   3.8826, 0,   5.3576,   4.4112
 523,   0.0930, 0,   4.8873,   4.6644
 524,  51.6938, 1,   4.2802,   4.8119
 525,  10.6840, 0,   4.4130,   4.9643
 526,   2.1005, 0,   3.2182,   3.6109
 527,   0.7423, 0,   3.2370,   3.5974
 528,  44.3679, 1,   2.9336,   3.6539
 529,   0.2762, 0,   2.9504,   3.6411
 530,   0.7062, 0,   2.7645,   3.6983
 531,   0.3068, 0,   1.8936,   2.9760
 532,   0.9178, 0,   1.8677,   2.9832
 533,   1.7329, 0,   1.6723,   2.9144
 534,  58.9218, 1,   1.8214,   2.8714
 535,   1.6606, 0,   1.9639,   2.8206
 536,   0.0578, 0,   0.9979,   0.6633
 537,   2.9392, 0,   1.0741,   0.8162
 538,   0.3247, 0,   1.0361,   0.8402
 539,   1.2684, 0,   1.0839,   0.8370
 540,  15.5197, 1,   1.1741,   0.7977
 541,   1.7896, 0,   1.2726,   0.8007
 542,   0.0788, 0,   1.2519,   0.8279
 543,   0.6709, 0,   1.2295,   0.8399
 544,   1.9670, 0,   1.2508,   0.8552
 545,   7.8670, 0,   1.8084,   2.0926
 546,  12.1490, 0,   2.7619,   3.6316
 547,   0.0583, 0,   2.7619,   3.6316
 548,   3.9523, 0,   2.8540,   3.6477
 549,  50.5898, 1,   3.1838,   3.5672
 550,   0.1402, 0,   3.0813,   3.6364
 551,   0.2119, 0,   2.9852,   3.6964
 552,   0.2698, 0,   2.8470,   3.7663
 553,   0.3218, 0,   2.8691,   3.7507
 554,   3.3771, 0,   3.1151,   3.6866
 555,   0.1930, 0,   2.9539,   3.7711
 556,   0.6785, 0,   2.3004,   3.4743
 557,   0.7505, 0,   1.2641,   1.5484
 558,   0.4012, 0,   1.2953,   1.5271
 559,   2.7635, 0,   1.1872,   1.3691
 560,   0.7713, 0,   0.8981,   1.0543
 561,   0.4897, 0,   0.9298,   1.0361
 562,   4.3872, 0,   1.3094,   1.4033
 563,   2.8790, 0,   1.5466,   1.4278
 564,   2.4162, 0,   1.7370,   1.3910
 565,   0.4230, 0,   1.4685,   1.3323
 566,  34.8957, 1,   1.4894,   1.3138
 567,   0.8654, 0,   1.5064,   1.3044
 568,   0.3697, 0,   1.4717,   1.3288
 569,   0.0099, 0,   1.4362,   1.3618
 570,   4.0138, 0,   1.5498,   1.5118
 571, 655.9851, 1,   1.8446,   1.6418
 572,   1.1627, 0,   1.9058,   1.6022
 573,   0.0217, 0,   1.5089,   1.4740
 574,   1.2976, 0,   1.3652,   1.4090
 575,   0.4471, 0,   1.1862,   1.3890
 576,   0.4181, 0,   1.1857,   1.3893
 577,   1.1149, 0,   1.2486,   1.3688
 578,   2.7443, 0,   1.4194,   1.4264
 579,   1.0556, 0,   1.4818,   1.3938
 580,  10.5080, 0,   2.4361,   2.8708
 581,   8.3037, 0,   2.8261,   3.3155
 582,   0.0333, 0,   2.4643,   3.3827
 583,   3.0959, 0,   2.6400,   3.3607
 584,   2.6077, 0,   2.8751,   3.2582
 585, 221.3765, 1,   2.9942,   3.2221
 586,   0.2168, 0,   2.9733,   3.2393
 587,   0.0885, 0,   2.9433,   3.2642
 588,   0.3257, 0,   2.8716,   3.3119
 589,  13.5748, 0,   3.8562,   4.5180
 590,   6.1701, 0,   4.3211,   4.4688
 591,   0.2021, 0,   3.3842,   4.1418
 592,   1.4615, 0,   2.7622,   3.8605
 593,   0.7451, 0,   2.8269,   3.8200
 594,   0.5546, 0,   2.5959,   3.8732
 595,   0.4633, 0,   2.4009,   3.9214
 596,   3.1968, 0,   2.4545,   3.9279
 597,   9.3376, 0,   3.2836,   4.3119
 598,   2.6815, 0,   3.5194,   4.2002
 599,   1.3469, 0,   3.6122,   4.1394
 600,   0.5231, 0,   2.4257,   2.7517
 601,   7.6812, 0,   2.5631,   2.9646
 602,   6.1499, 0,   3.1038,   3.0265
 603,  54.2385, 1,   3.5300,   3.0946
 604,   0.1831, 0,   3.4789,   3.1444
 605,  18.1268, 0,   5.0764,   5.1052
 606,   0.1959, 0,   5.0521,   5.1277
 607,   3.7324, 0,   5.1008,   5.1124
 608,  14.4649, 0,   5.5669,   5.6797
 609,   1.3983, 0,   5.4502,   5.7505
 610,   2.5515, 0,   5.5597,   5.6824
 611,   0.0872, 0,   5.5201,   5.7188
 612,   6.8869, 0,   5.4479,   5.6960
 613,   1.6326, 0,   5.0372,   5.7926
 614,   1.8362, 0,   4.6451,   5.8497
 615,   0.1946, 0,   4.6461,   5.8489
 616,   1.7614, 0,   3.1584,   4.0289
 617,   1.4008, 0,   3.2679,   3.9627
 618,   4.7987, 0,   3.3648,   3.9859
 619,   1.9864, 0,   2.2304,   1.8900
 620,   1.2381, 0,   2.2159,   1.8970
 621,   5.8217, 0,   2.5131,   2.1638
 622,   2.5161, 0,   2.7340,   2.0244
 623,   0.6923, 0,   2.1708,   1.6099
 624,   0.0160, 0,   2.0238,   1.7222
 625,   1.6388, 0,   2.0059,   1.7251
 626,   0.3984, 0,   2.0244,   1.7066
 627,   0.0492, 0,   1.8688,   1.7990
 628,   0.9317, 0,   1.8261,   1.8151
 629,   0.0373, 0,   1.3933,   1.6109
 630,  48.7361, 1,   1.2161,   1.6428
 631,   0.9539, 0,   1.1902,   1.6444
 632,   3.8687, 0,   1.0127,   1.1725
 633,   3.5810, 0,   1.1095,   1.3265
 634,   4.0200, 0,   1.4120,   1.5564
 635,   0.4667, 0,   1.4530,   1.5247
 636,  16.9920, 1,   1.3465,   1.5488
 637,  11.1421, 0,   2.3232,   3.1759
 638,   0.4928, 0,   2.3635,   3.1494
 639,   1.0560, 0,   2.3748,   3.1445
 640,   0.0560, 0,   2.3765,   3.1432
 641,   1.1910, 0,   2.4814,   3.0821
 642,   1.4021, 0,   2.5221,   3.0645
 643,   0.9059, 0,   2.2528,   3.0646
 644,   4.8850, 0,   2.3713,   3.1380
 645,   1.1424, 0,   2.1097,   3.1095
 646,   7.5768, 0,   2.7561,   3.4239
 647,   0.1010, 0,   2.7228,   3.4476
 648,   0.2054, 0,   1.7286,   2.2427
 649,   0.3777, 0,   1.7181,   2.2487
 650,   0.5454, 0,   1.6717,   2.2671
 651,   1.4821, 0,   1.8013,   2.2111
 652,   2.4099, 0,   1.9121,   2.2083
 653,   4.3437, 0,   2.1796,   2.3062
 654,   6.2221, 0,   2.6629,   2.5344
 655,   2.7042, 0,   2.4646,   2.4362
 656,   3.2517, 0,   2.6564,   2.4075
 657,  23.3514, 0,   4.0904,   6.3619
 658,   3.8461, 0,   4.4309,   6.2383
 659,   1.6181, 0,   4.5593,   6.1641
 660,  12.3623, 0,   5.6488,   6.3839
 661,   0.8175, 0,   5.6736,   6.3646
 662,   0.4035, 0,   5.5755,   6.4363
 663,   0.4180, 0,   5.3944,   6.5498
 664,   3.1926, 0,   5.2898,   6.5749
 665,   8.7466, 0,   5.5193,   6.6471
 666,   8.6049, 0,   6.0557,   6.6364
 667,   0.4822, 0,   5.8039,   6.7888
 668,   0.0342, 0,   3.6842,   4.0778
 669,   0.0369, 0,   3.3379,   4.2090
 670,   0.2641, 0,   3.2148,   4.2767
 671,   0.7412, 0,   2.1583,   3.1817
 672,   1.2686, 0,   2.1993,   3.1671
 673,   4.8125, 0,   2.6002,   3.1933
 674,1176.6165, 1,   2.9997,   3.1701
 675,   9.3342, 0,   3.5580,   3.6582
 676,   0.0487, 0,   2.7673,   3.3807
 677,   0.0205, 0,   1.9869,   2.8997
 678,   0.1112, 0,   1.9531,   2.9191
 679,   1.0719, 0,   2.0475,   2.8719
 680,   0.4777, 0,   2.0876,   2.8465
 681,   1.0947, 0,   2.1631,   2.8079
 682,   0.0820, 0,   2.1031,   2.8444
 683,   1.0173, 0,   2.0803,   2.8520
 684,   0.3989, 0,   1.6791,   2.7480
 685,   5.6295, 0,   1.7533,   2.8412
 686,   2.9240, 0,   1.1706,   1.6226
 687,   1.5242, 0,   1.3047,   1.5848
 688,  19.0567, 1,   1.4414,   1.5321
 689,   0.1845, 0,   1.4481,   1.5265
 690,  67.1119, 1,   1.3674,   1.5671
 691,  12.8411, 0,   2.4914,   3.6178
 692,   0.2695, 0,   2.4163,   3.6543
 693,   1.3229, 0,   2.5291,   3.5993
 694,   9.1830, 0,   3.2715,   4.0275
 695,   1.2858, 0,   3.3521,   3.9778
 696,   1.2400, 0,   2.9531,   3.9494
 697,   2.3007, 0,   2.8964,   3.9538
 698,   0.2522, 0,   2.7808,   4.0105
 699,  83.6904, 1,   2.6651,   4.0630
 700,   0.0924, 0,   2.6568,   4.0682
 701,  15.1780, 0,   4.0198,   5.3282
 702,   1.0158, 0,   2.9448,   4.5804
 703,  16.6923, 0,   4.4378,   5.9399
 704,  16.7492, 0,   5.8401,   6.7980
 705,  41.8445, 0,   8.8094,  12.4188
 706,   1.1367, 0,   8.7958,  12.4271
 707,  51.1632, 0,  13.3343,  17.0829
 708,  41.1550, 0,  16.8665,  18.4023
 709,   0.3354, 0,  16.8741,  18.3955
 710,   0.2368, 0,  16.8727,  18.3968
 711,  14.4845, 0,  18.1810,  17.6536
 712,   2.1468, 0,  16.9964,  18.2428
 713,  41.9533, 0,  20.7180,  18.7711
 714,   9.3007, 0,  20.0460,  19.0337
 715,   6.7679, 0,  19.1386,  19.4035
 716,   6.7189, 0,  15.9454,  18.2607
 717,  23.5624, 0,  17.9841,  17.7380
 718,   3.6106, 0,  13.6611,  14.6510
 719,  15.3453, 0,  11.3148,  11.8611
 720,   9.3895, 0,  12.1379,  11.3748
 721,   6.1781, 0,  12.6780,  10.9292
 722,   4.8876, 0,  11.8056,  11.1313
 723,   0.3447, 0,  11.6417,  11.2845
 724,  14.1967, 0,   9.1184,   6.1676
 725,   0.3733, 0,   8.3068,   6.6581
 726,  11.1063, 0,   8.7012,   6.6837
 727,  11.8094, 0,   9.1640,   6.7067
 728,   0.0599, 0,   7.0274,   5.3947
 729,   0.4379, 0,   6.7390,   5.6485
 730,  14.1647, 0,   6.6317,   5.4930
 731,   0.1464, 0,   5.7914,   5.7096
 732,   0.7189, 0,   5.2951,   5.8888
 733,   1.5266, 0,   4.9895,   5.9884
 734,  79.1057, 1,   5.0970,   5.9142
 735,   1.6850, 0,   3.9595,   5.2168
 736,   9.0600, 0,   4.7493,   5.2714
 737,   1.5906, 0,   3.8842,   4.9267
 738,   0.2722, 0,   2.8354,   4.3184
 739,   0.1840, 0,   2.8466,   4.3112
 740,  14.6107, 0,   4.1351,   5.3834
 741,   2.8483, 0,   3.1063,   4.3506
 742,   0.4525, 0,   3.1341,   4.3325
 743,   4.3887, 0,   3.4678,   4.2746
 744,   1.9839, 0,   3.5093,   4.2577
 745,   7.2124, 0,   4.0262,   4.3302
 746,   0.5261, 0,   3.9209,   4.3994
 747,  12.1593, 0,   4.2026,   4.8005
 748,   0.2205, 0,   4.0781,   4.8837
 749,   1.6339, 0,   4.2018,   4.8022
 750,   0.9140, 0,   4.2682,   4.7510
 751,   0.3246, 0,   2.9695,   3.5461
 752,   0.9777, 0,   2.7994,   3.5924
 753,  18.6857, 0,   4.4570,   5.7096
 754,   6.5481, 0,   4.6533,   5.7410
 755,   0.1692, 0,   4.4883,   5.8405
 756,   0.5854, 0,   3.8859,   5.8702
 757,   0.7920, 0,   3.9100,   5.8568
 758,  94.8915, 1,   2.8766,   5.2850
 759,   2.6740, 0,   3.0997,   5.2196
 760,   2.6325, 0,   3.1905,   5.2020
 761,   4.0823, 0,   3.4785,   5.1555
 762,   0.4856, 0,   3.4931,   5.1467
 763,   1.6322, 0,   3.5526,   5.1210
 764,   0.3425, 0,   1.8851,   1.8872
 765,   3.1459, 0,   1.5758,   1.2782
 766,  14.7791, 1,   1.8464,   1.2668
 767,  40.4660, 1,   2.0792,   1.2488
 768,   0.1799, 0,   2.0235,   1.3167
 769,   2.9073, 0,   2.2158,   1.2767
 770,   0.2376, 0,   1.9943,   1.3848
 771,   0.1411, 0,   1.7678,   1.4634
 772,  69.8061, 1,   1.4095,   1.3292
 773,   2.2299, 0,   1.5681,   1.3134
 774,   0.0363, 0,   1.4230,   1.3846
 775,   0.0072, 0,   1.3926,   1.4114
 776,   0.7491, 0,   1.1747,   1.3049
 777,   0.7833, 0,   0.9599,   1.1478
 778,   1.4751, 0,   0.8080,   0.9402
 779, 104.3447, 1,   0.9257,   0.9353
 780,   0.0961, 0,   0.6702,   0.7177
 781,   0.7368, 0,   0.7156,   0.7045
 782,   0.3514, 0,   0.7347,   0.6914
 783,   7.7979, 1,   0.7538,   0.6775
 784,   2.1763, 0,   0.7489,   0.6670
 785,   3.6326, 0,   1.0759,   1.0236
 786,  10.4033, 0,   2.0210,   2.8214
 787,  27.8208, 0,   4.4820,   7.8910
 788,   8.9274, 0,   5.2224,   7.8913
 789,   0.3009, 0,   5.1156,   7.9490
 790,  46.7500, 0,   9.2315,  14.2346
 791,   7.3394, 0,   9.8900,  13.9617
 792,   1.0053, 0,   9.9144,  13.9459
 793,   1.6199, 0,  10.0298,  13.8714
 794,   0.4975, 0,  10.0430,  13.8622
 795,   1.8568, 0,  10.0140,  13.8790
 796,   1.8167, 0,   9.8489,  13.9644
 797,   1.2784, 0,   9.0194,  14.1763
 798,   3.3483, 0,   6.7946,  12.9153
 799,   0.3508, 0,   6.0149,  13.0215
 800,   6.0631, 0,   6.5388,  12.8964
 801,   1.7773, 0,   2.4503,   2.1604
 802,   0.5879, 0,   1.8366,   1.5598
 803,   1.9402, 0,   1.9216,   1.5375
 804,   0.3484, 0,   1.8060,   1.6023
 805,   6.3241, 0,   2.3357,   1.9967
 806,   6.8381, 0,   2.7885,   2.3672
 807,   5.0516, 0,   3.0826,   2.4284
 808,   0.4035, 0,   3.0030,   2.4995
 809,   0.1867, 0,   2.7156,   2.6220
 810,   0.7057, 0,   2.7479,   2.5948
 811,  12.2025, 0,   3.3060,   3.6808
 812,   0.0483, 0,   3.1488,   3.7784
 813,   1.6803, 0,   3.2481,   3.7237
 814,   1.1260, 0,   3.1741,   3.7569
 815,  24.1897, 0,   5.3415,   6.9887
 816,   1.7624, 0,   4.9268,   7.0531
 817,   1.0996, 0,   4.4051,   7.1045
 818,   3.3367, 0,   4.2492,   7.1074
 819,   4.1902, 0,   4.5935,   7.0037
 820,   8.9617, 0,   5.3912,   6.9560
 821,  30.8934, 0,   8.1355,   9.8986
 822,   0.3810, 0,   7.0608,  10.0394
 823,   0.4203, 0,   7.0947,  10.0164
 824,   0.2511, 0,   6.9647,  10.0947
 825,   1.6091, 0,   7.0086,  10.0702
 826,   6.7857, 0,   5.4265,   8.4897
 827,   1.9308, 0,   5.4418,   8.4832
 828,  67.8763, 0,  11.5124,  19.6918
 829,   0.0280, 0,  11.2116,  19.8391
 830,   0.2736, 0,  10.8555,  19.9965
 831,   0.5477, 0,  10.0906,  20.2140
 832, 365.5301, 1,   7.3319,  19.2337
 833,   0.9240, 0,   7.3813,  19.2165
 834,  10.8802, 0,   8.3322,  19.1070
 835,  77.1422, 0,  15.3223,  27.2161
 836,   0.7227, 0,  15.2417,  27.2579
 837,   0.1548, 0,  14.6389,  27.5103
 838,  13.9011, 0,  15.7271,  27.2214
 839,   2.1740, 0,   9.7542,  21.7898
 840,   2.4737, 0,   9.9765,  21.7017
 841,  19.9636, 0,  11.7665,  21.6395
 842,  40.8414, 0,  15.4296,  22.8092
 843,   7.5016, 0,  16.0618,  22.4820
 844,   0.0387, 0,  15.9813,  22.5376
 845,   0.6925, 0,  15.0551,  22.9340
 846,   0.4421, 0,   8.0824,  12.0965
 847,  43.4316, 0,  11.9650,  15.4894
 848,   5.6646, 0,  12.4659,  15.1855
 849,   1.6901, 0,  11.3558,  15.4835
 850,  10.6064, 0,  12.1224,  15.2163
 851,   4.6223, 0,  12.3177,  15.1046
 852,   4.4276, 0,  10.9053,  15.0499
 853,   7.9454, 0,   7.9148,  11.6997
 854,  15.9539, 0,   8.6832,  11.9227
 855,   4.7561, 0,   9.1120,  11.6866
 856,   0.2053, 0,   9.0678,  11.7193
 857,   7.6065, 0,   9.7191,  11.4170
 858,  28.8117, 0,   8.3900,   7.6419
 859,   0.0125, 0,   7.8762,   7.9900
 860,   1.1198, 0,   7.8243,   8.0317
 861,   6.6345, 0,   7.4632,   7.9877
 862,  31.6016, 0,   9.9159,  10.4892
 863,   0.8193, 0,   9.5879,  10.7098
 864,  67.3656, 0,  14.9897,  19.7168
 865,   0.8490, 0,  13.6165,  20.1237
 866,   0.5031, 0,  13.2299,  20.3300
 867,   5.7262, 0,  13.7318,  20.0687
 868,  10.0228, 0,  13.9514,  20.0136
 869,   0.2657, 0,  11.3564,  19.7677
 870,   4.6942, 0,  11.7820,  19.5683
 871,   6.6706, 0,  12.2866,  19.3572
 872,   2.6772, 0,  11.9268,  19.4952
 873,   0.9925, 0,   9.1442,  18.6547
 874,   0.5171, 0,   9.1167,  18.6672
 875,   2.4970, 0,   3.2196,   3.0370
 876,   4.0298, 0,   3.5087,   2.9476
 877,  16.0345, 0,   4.9207,   4.4874
 878,  17.4491, 0,   5.9864,   5.7629
 879,   3.2384, 0,   5.3696,   5.6601
 880,   0.2688, 0,   5.3699,   5.6598
 881,   0.0716, 0,   4.9497,   5.8624
 882,  37.8992, 0,   7.7887,  11.1685
 883,   5.5936, 0,   8.0538,  11.0783
 884,   0.6334, 0,   8.0211,  11.0995
 885,  12.4022, 0,   9.1016,  10.8930
 886,   0.3559, 0,   8.9070,  11.0276
 887, 147.4486, 1,   8.5730,  11.2241
 888,   0.2608, 0,   7.1390,  11.1868
 889,  18.4616, 0,   7.2310,  11.2751
 890,  11.4353, 0,   7.9762,  11.2574
 891,   5.3357, 0,   8.4368,  11.0341
 892,   0.3309, 0,   8.4604,  11.0165
 893,   0.2061, 0,   5.0338,   6.0851
 894,   2.2143, 0,   4.7266,   6.1342
 895,  16.2885, 0,   6.1497,   6.7994
 896,   0.5203, 0,   5.0696,   6.6628
 897,   0.3562, 0,   5.0696,   6.6628
 898,   0.4265, 0,   5.0760,   6.6583
 899,   0.2655, 0,   5.0764,   6.6580
 900,   9.2947, 0,   4.2431,   5.3818
 901,  83.6009, 1,   4.0485,   5.1521
 902,  37.2501, 0,   6.9498,  10.8715
 903,   3.0243, 0,   7.1947,  10.7493
 904,  17.3357, 0,   8.7519,  10.8642
 905,  33.5962, 0,  11.6048,  12.7326
 906,  19.7336, 0,  11.9180,  12.8854
 907,   0.1326, 0,  11.8827,  12.9170
 908,   2.9540, 0,  12.1189,  12.7265
 909,   0.1149, 0,  12.0906,  12.7528
 910,   3.5874, 0,  12.3926,  12.5061
 911,   4.7853, 0,  11.9826,  12.6737
 912,   1.7211, 0,  11.2941,  13.0025
 913,   7.3607, 0,   8.5769,  10.0917
 914,   0.7966, 0,   8.3744,  10.2226
 915,   2.6576, 0,   7.0400,   9.9192
 916,   0.8948, 0,   4.0672,   5.3735
 917,  14.5068, 0,   3.5920,   4.0304
 918,   0.4430, 0,   3.6202,   4.0071
 919,   0.0751, 0,   3.3585,   4.1341
 920,   0.7226, 0,   3.4137,   4.0942
 921,   0.9171, 0,   3.1710,   4.1555
 922,  19.6182, 0,   4.5194,   6.3091
 923,  16.3260, 0,   5.8471,   7.0712
 924,   0.4197, 0,   5.2161,   7.2162
 925,   0.9607, 0,   5.2311,   7.2072
 926,   1.1673, 0,   5.0956,   7.2681
 927,   0.5237, 0,   5.0618,   7.2883
 928,   0.9458, 0,   3.8290,   6.7105
 929,   1.8873, 0,   3.9603,   6.6569
 930,   1.1086, 0,   4.0543,   6.6085
 931,   0.2656, 0,   4.0127,   6.6307
 932,   0.0955, 0,   3.9380,   6.6696
 933,   0.1096, 0,   2.1645,   4.5077
 934,   0.1537, 0,   0.6943,   0.5422
 935,   0.1168, 0,   0.6668,   0.5627
 936,   6.4966, 1,   0.5901,   0.5748
 937,  40.4459, 1,   0.4945,   0.5580
 938,   4.8653, 0,   0.8892,   1.3756
 939,   0.1612, 0,   0.8179,   1.3910
 940,   5.4769, 0,   1.1442,   1.9230
 941,   1.7591, 0,   1.2034,   1.9310
 942,   0.0461, 0,   1.1834,   1.9417
 943,   9.5504, 0,   2.0430,   3.0476
 944,   0.0966, 0,   2.0418,   3.0484
 945,  11.4736, 0,   3.0709,   3.9996
 946,  12.3371, 0,   4.1818,   4.6663
 947,   2.0973, 0,   4.3619,   4.5426
 948, 855.1651, 1,   4.5419,   4.4080
 949,   0.4734, 0,   4.1426,   4.5570
 950,  12.6415, 0,   5.2772,   4.9603
 951,   2.1985, 0,   4.9792,   5.0372
 952,   2.6900, 0,   5.0638,   4.9900
 953,  23.1988, 0,   7.1686,   6.9339
 954,  22.9669, 0,   8.3883,   8.2925
 955,   1.2992, 0,   8.4976,   8.1898
 956,   1.7521, 0,   7.6138,   8.3440
 957,   4.0985, 0,   6.8649,   8.2557
 958,   1.0066, 0,   6.7657,   8.3187
 959,   0.3098, 0,   6.6032,   8.4251
 960,   0.0188, 0,   6.5619,   8.4561
 961,   3.0393, 0,   5.6890,   8.2772
 962,   1.5294, 0,   5.6281,   8.3050
 963,   5.5876, 0,   5.8916,   8.2534
 964,   0.0686, 0,   3.7888,   6.2888
 965,  10.6665, 0,   2.6706,   3.0270
 966,   6.7524, 0,   3.1663,   3.2032
 967,  30.5955, 0,   5.7885,   8.4616
 968,   2.9359, 0,   5.6828,   8.4893
 969,  10.7734, 0,   6.5707,   8.4645
 970,   0.1859, 0,   6.5594,   8.4729
 971,   4.7493, 0,   6.9894,   8.2471
 972,   3.2166, 0,   7.0056,   8.2395
 973,   0.2026, 0,   6.8849,   8.3280
 974,   5.2316, 0,   6.8526,   8.3337
 975,   7.3844, 0,   7.5177,   8.0529
 976,   1.4806, 0,   6.6826,   8.1587
 977,   0.0599, 0,   6.0742,   8.3774
 978,   0.7886, 0,   3.3644,   3.2734
 979,   0.2706, 0,   3.1221,   3.3926
 980,  12.6349, 0,   3.2914,   3.7929
 981,   0.1648, 0,   3.2895,   3.7944
 982,   0.5087, 0,   2.9040,   3.8417
 983,   1.1155, 0,   2.7129,   3.8735
 984,  25.5269, 0,   5.0151,   7.5131
 985,   0.7507, 0,   4.6078,   7.6112
 986, 562.3494, 1,   4.0047,   7.6301
 987,  57.6907, 0,   9.1147,  17.1331
 988,   0.1693, 0,   9.1247,  17.1279
 989,   2.6407, 0,   9.2931,  17.0541
 990,   0.2251, 0,   9.2889,  17.0562
 991,   7.3505, 0,   8.8085,  17.0296
 992,  15.9684, 0,  10.2452,  16.9060
 993,  16.9822, 0,  11.7428,  16.7056
 994,   3.5249, 0,  11.9618,  16.5802
 995, 145.3172, 0,  22.8519,  41.9080
 996,   6.9326, 0,  23.4139,  41.6485
 997,   4.4632, 0,  23.7514,  41.4781
 998,   0.7548, 0,  18.5754,  40.4599
 999,   0.7221, 0,  18.6256,  40.4374
1000,   0.4501, 0,  18.4265,  40.5209
1001,   1.0055, 0,  18.4974,  40.4896
1002,   0.5332, 0,  17.8776,  40.7071
1003,   4.4622, 0,  16.8316,  40.8902
1004,   0.2762, 0,  15.3129,  41.1657
1005,   4.4689, 0,  15.3987,  41.1420
1006,   0.1550, 0,   2.2022,   2.2805
1007,   1.5074, 0,   1.7090,   1.7225
1008,   0.8013, 0,   1.3761,   1.4972
1009,   0.7022, 0,   1.3713,   1.4992
1010,   0.0754, 0,   1.3125,   1.5358
1011,   0.5759, 0,   1.3239,   1.5298
1012,   0.2938, 0,   1.2592,   1.5567
1013,   1.0444, 0,   1.3057,   1.5419
1014,   2.6675, 0,   1.1426,   1.2703
1015,   0.7372, 0,   1.1845,   1.2484
1016,   7.6946, 0,   1.4777,   2.0844
1017,   1.0252, 0,   1.5568,   2.0489
1018,   0.6915, 0,   1.4826,   2.0641
1019,   1.0419, 0,   1.5045,   2.0580
1020,   0.5894, 0,   1.4942,   2.0622
1021,   0.1805, 0,   1.5038,   2.0559
1022, 124.8765, 1,   1.4679,   2.0752
1023,   5.5707, 0,   1.9476,   2.3412
1024,   4.5888, 0,   2.2698,   2.4367
